{
  "run_mode": "strict",
  "min_points_per_galaxy": 8,
  "found_rotmod_files": 175,
  "parsed_valid_galaxies": 143,
  "fit_rows_saved": 143,
  "successful_fits": 143,
  "boundary_hit_fits": 43,
  "low_point_fits": 0,
  "median_log10_M200": 11.723428076136086,
  "median_log10_rs": 1.3471761714418888,
  "median_chi2_red": 1.518432766498865,
  "runtime_minutes_fit_stage": 0.025761640071868895,
  "LinearRegression_log10_M200_MAE": 0.41090000277431776,
  "LinearRegression_log10_M200_RMSE": 0.5492699827739432,
  "LinearRegression_log10_M200_R2": 0.44606889331659494,
  "LinearRegression_log10_rs_MAE": 0.2895897472332211,
  "LinearRegression_log10_rs_RMSE": 0.38562627577528313,
  "LinearRegression_log10_rs_R2": 0.39259161843494295,
  "GaussianProcess_log10_M200_MAE": 0.38916816215654676,
  "GaussianProcess_log10_M200_RMSE": 0.5287523670540597,
  "GaussianProcess_log10_M200_R2": 0.48667942533479003,
  "GaussianProcess_log10_rs_MAE": 0.2817325657583804,
  "GaussianProcess_log10_rs_RMSE": 0.3517224953649778,
  "GaussianProcess_log10_rs_R2": 0.49470170194742213,
  "NeuralNetwork_log10_M200_MAE": 1.0659567669610368,
  "NeuralNetwork_log10_M200_RMSE": 1.6580804361180397,
  "NeuralNetwork_log10_M200_R2": -4.047719492897577,
  "NeuralNetwork_log10_rs_MAE": 0.27907270779335375,
  "NeuralNetwork_log10_rs_RMSE": 0.3647871818777018,
  "NeuralNetwork_log10_rs_R2": 0.4564660413619722
}